{"cameraMode":{"drawMode":0,"name":"Shaded","section":"Shading Mode"},"sceneLighting":true,"audioPlay":false,"sceneViewState":{"m_AlwaysRefresh":false,"showFog":true,"showSkybox":true,"showFlares":true,"showImageEffects":true,"showParticleSystems":true,"showVisualEffectGraphs":true,"m_FxEnabled":true},"in2DMode":false,"pivot":{"x":-0.7647939324378967,"y":11.280550956726075,"z":-0.4560614228248596},"rotation":{"x":-0.6465553045272827,"y":0.0010276116663590074,"z":-0.0008715395233593881,"w":-0.7628673315048218},"size":4.087601661682129,"orthographic":false}